,id,Serovar,ST,Country,Source,alx_2,bla,dam_1,dam_4,dcm_2,dinI_1,dsbC_2,emrE_2,flmA,folP_2,gadX_2,glfT2,gpFI,gspA,hha_2,hin_2,hipA,kdpE,nanM,neo,oadA_1,oadA_2,parM,repA,repB,rfbJ,rfbV,rop,rpsK,rpsT,smc,sopD2,sseI,sspH2,stiP,tnpR,tnsB,traC_2,traR,trg_3,umuC_1,uvrD_2,xerC_1,xerC_3,ybiT,yceD_2,yceD_3,yceD_4,yceD_5,yigG,yjiE_2,ylcG_2
0,SRR10075998,"I 1,4,[5],12:i:-",ST34,United States,Swine,0,0,1,0,1,1,0,0,0,0,1,0,0,1,0,0,0,1,1,0,0,1,0,0,0,0,1,0,0,0,0,1,1,1,0,0,1,0,0,0,0,0,1,0,0,0,0,0,0,1,1,1
1,SRR10156129,"I 1,4,[5],12:i:-",ST34,United States,Swine,0,1,1,0,1,1,0,0,0,1,0,0,1,0,0,1,0,0,1,1,1,0,0,1,0,1,0,1,0,1,0,1,1,1,0,1,1,0,1,1,0,0,1,0,1,0,0,0,0,1,1,1
2,SRR10441198,"I 1,4,[5],12:i:-",ST34,United States,Swine,0,0,1,0,1,1,0,0,0,0,0,0,0,0,0,0,0,0,1,0,1,1,0,0,0,1,1,1,0,1,0,1,1,1,0,0,1,0,0,1,0,0,1,0,0,0,0,0,0,1,1,1
3,SRR10965868,"I 1,4,[5],12:i:-",ST34,United States,Swine,0,1,0,0,1,1,0,0,0,1,1,1,0,0,0,0,0,1,0,1,1,1,0,1,0,0,1,0,0,0,0,0,1,1,0,1,1,0,0,0,0,0,0,0,0,0,0,0,0,0,1,1
4,SRR11015387,"I 1,4,[5],12:i:-",ST34,United States,Swine,1,0,1,1,1,1,1,1,1,0,1,0,0,1,1,0,1,0,1,0,1,0,1,0,1,1,1,1,1,1,1,1,1,1,1,0,1,1,0,1,1,1,1,1,1,1,1,1,1,1,1,1
5,SRR11035103,"I 1,4,[5],12:i:-",ST34,United States,Swine,0,1,1,0,1,1,0,0,0,1,1,1,1,1,0,1,0,1,1,1,1,0,0,1,0,1,0,0,0,0,0,1,1,1,0,1,1,0,1,0,0,0,1,0,1,0,0,0,0,1,1,1
6,SRR11085330,"I 1,4,[5],12:i:-",ST34,United States,Swine,0,1,1,0,1,1,0,0,0,1,0,1,1,0,0,1,0,0,1,1,1,0,0,1,0,0,0,0,0,1,0,1,1,1,0,1,1,0,1,0,0,0,1,0,1,0,0,0,0,1,1,1
7,SRR11292592,"I 1,4,[5],12:i:-",ST34,United States,Swine,0,0,1,0,1,1,0,0,0,0,1,0,0,1,0,0,0,1,1,0,1,1,0,0,0,0,0,0,0,1,0,1,0,1,0,0,1,0,0,0,0,0,1,0,0,0,0,0,0,1,1,1
8,SRR11600315,"I 1,4,[5],12:i:-",ST34,United States,Swine,1,1,1,1,1,1,1,1,1,1,0,0,0,1,1,0,1,1,0,1,1,1,1,1,1,1,0,1,1,1,1,1,1,1,1,1,1,1,0,1,1,1,1,0,0,1,1,1,1,1,0,1
9,SRR12091614,"I 1,4,[5],12:i:-",ST34,United States,Swine,0,1,1,0,1,1,0,0,0,1,1,0,1,1,0,1,0,1,1,1,1,1,0,1,0,1,1,1,0,1,0,1,1,1,0,1,1,0,1,1,0,0,1,0,0,0,0,0,0,1,1,1
10,SRR12097172,"I 1,4,[5],12:i:-",ST34,United States,Swine,0,0,1,0,1,1,0,0,0,0,1,1,0,0,0,0,0,1,1,0,1,0,0,0,0,1,1,0,0,1,0,1,1,1,0,0,1,0,0,0,0,0,1,0,1,0,0,0,0,1,1,1
11,SRR12169353,"I 1,4,[5],12:i:-",ST34,United States,Swine,0,1,1,0,1,1,0,0,0,1,0,0,0,1,0,0,0,1,1,1,1,0,0,1,0,1,0,1,0,0,0,1,1,1,0,1,1,0,0,0,0,0,0,0,1,0,0,0,0,1,1,1
12,SRR12212545,"I 1,4,[5],12:i:-",ST34,United States,Swine,0,1,1,0,1,1,0,0,0,1,1,0,0,1,0,0,0,0,1,1,1,0,0,1,0,1,1,1,0,1,0,1,1,1,0,1,1,0,0,1,0,0,1,0,1,0,0,0,0,1,0,1
13,SRR12321157,"I 1,4,[5],12:i:-",ST34,United States,Swine,0,1,1,0,0,1,0,0,0,1,1,1,1,1,0,1,0,0,1,1,1,0,0,1,0,1,1,0,0,0,0,1,1,0,0,1,1,0,1,0,0,0,1,0,1,0,0,0,0,1,1,1
14,SRR12386231,"I 1,4,[5],12:i:-",ST34,United States,Swine,1,1,1,1,0,1,1,0,1,0,1,1,0,1,1,0,1,1,1,1,1,1,1,0,1,1,1,0,1,1,1,1,1,1,1,1,0,1,0,0,1,1,1,1,1,1,1,1,1,1,1,1
15,SRR12387695,"I 1,4,[5],12:i:-",ST34,United States,Swine,1,1,1,1,1,1,1,1,1,1,1,1,0,1,1,0,1,1,1,1,1,0,1,1,1,1,1,1,1,1,1,1,1,1,1,1,1,1,0,1,1,1,1,1,1,1,1,1,1,1,1,1
16,SRR12492741,"I 1,4,[5],12:i:-",ST34,United States,Swine,0,0,1,0,1,1,0,0,0,0,0,0,0,1,0,0,0,1,1,0,1,1,0,0,0,0,1,0,0,1,0,1,1,1,0,0,1,0,0,0,0,0,1,0,1,0,0,0,0,0,1,1
17,SRR12624327,"I 1,4,[5],12:i:-",ST34,United States,Swine,0,1,1,0,0,1,0,0,0,1,1,0,1,1,0,1,0,1,1,1,0,1,0,1,0,1,1,0,0,1,0,1,1,0,0,1,1,0,1,0,0,0,1,0,1,0,0,0,0,1,1,1
18,SRR12664286,"I 1,4,[5],12:i:-",ST34,United States,Swine,0,1,1,0,1,1,0,0,0,1,1,1,0,1,0,0,0,1,1,1,1,1,0,1,0,0,0,0,0,0,0,1,1,1,0,1,1,0,0,0,0,0,1,0,0,0,0,0,0,1,1,0
19,SRR12678948,"I 1,4,[5],12:i:-",ST34,United States,Swine,0,1,1,0,1,1,0,0,0,1,1,0,1,1,0,1,0,1,1,1,1,0,0,1,0,0,0,0,0,0,0,1,1,1,0,1,1,0,1,0,0,0,1,0,1,0,0,0,0,1,1,1
20,SRR12708912,"I 1,4,[5],12:i:-",ST34,United States,Swine,0,1,1,0,0,1,0,0,0,1,0,1,1,1,0,1,0,1,1,1,1,1,0,1,0,0,1,0,0,1,0,1,1,0,0,1,1,0,1,0,0,0,1,0,0,0,0,0,0,1,1,1
21,SRR12799273,"I 1,4,[5],12:i:-",ST34,United States,Swine,0,1,1,0,1,1,0,0,0,1,1,0,0,1,0,0,0,1,1,1,1,1,0,1,0,1,1,0,0,1,0,1,1,1,0,1,1,0,0,0,0,0,1,0,0,0,0,0,0,1,1,1
22,SRR12817765,"I 1,4,[5],12:i:-",ST34,United States,Swine,0,1,1,0,1,1,0,0,0,1,1,1,0,1,0,0,0,1,1,1,1,1,0,1,0,1,0,0,0,1,0,1,1,1,0,1,1,0,0,0,0,0,1,0,0,0,0,0,0,1,1,1
23,SRR12817813,"I 1,4,[5],12:i:-",ST34,United States,Swine,0,0,1,0,0,1,0,0,0,0,1,0,1,1,0,1,0,1,1,0,1,0,0,0,0,1,1,1,0,0,0,1,1,0,0,0,1,0,1,1,0,0,1,0,1,0,0,0,0,1,1,1
24,SRR13020547,"I 1,4,[5],12:i:-",ST34,United States,Swine,0,1,1,0,0,1,0,0,0,1,0,0,1,1,0,1,0,1,0,1,1,1,0,1,0,0,0,0,0,1,0,1,1,0,0,1,1,0,1,0,0,0,1,0,0,0,0,0,0,1,1,0
25,SRR13084427,"I 1,4,[5],12:i:-",ST34,United States,Swine,0,0,1,0,1,1,0,0,0,0,1,0,0,1,0,0,0,1,1,0,0,1,0,0,0,1,1,0,0,0,0,1,1,1,0,0,1,0,0,0,0,0,1,0,0,0,0,0,0,1,1,1
26,SRR13094238,"I 1,4,[5],12:i:-",ST34,United States,Swine,0,0,1,0,0,1,0,0,0,0,1,1,1,1,0,1,0,1,1,0,1,1,0,0,0,1,1,0,0,1,0,1,1,0,0,0,1,0,1,0,0,0,1,0,0,0,0,0,0,1,1,1
27,SRR13094255,"I 1,4,[5],12:i:-",ST34,United States,Swine,0,0,1,0,1,1,0,0,0,0,1,0,0,1,0,0,0,0,1,0,1,1,0,0,0,1,1,0,0,1,0,1,1,1,0,0,1,0,0,0,0,0,1,0,0,0,0,0,0,1,1,1
28,SRR13218771,"I 1,4,[5],12:i:-",ST34,United States,Swine,0,0,1,0,1,1,0,0,0,0,1,1,0,1,0,0,0,1,1,0,1,1,0,0,0,1,1,0,0,0,0,1,1,1,0,0,1,0,0,0,0,0,1,0,0,0,0,0,0,1,1,1
29,SRR13245290,"I 1,4,[5],12:i:-",ST34,United States,Swine,0,1,1,0,1,0,0,0,0,1,1,1,1,1,0,1,0,1,1,1,0,1,0,1,0,0,1,0,1,1,0,1,1,1,0,1,1,0,1,0,0,0,1,0,1,0,0,0,0,1,1,1
30,SRR13700284,"I 1,4,[5],12:i:-",ST34,United States,Swine,0,1,1,0,1,1,0,0,0,1,1,1,0,1,0,0,0,1,1,1,1,1,0,1,0,1,1,0,0,0,0,1,1,1,0,1,1,0,0,0,0,0,1,0,0,0,0,0,0,1,1,1
31,SRR13784881,"I 1,4,[5],12:i:-",ST34,United States,Swine,1,1,1,1,1,0,1,1,1,1,0,0,0,1,1,0,1,1,1,1,1,1,1,1,1,1,0,0,1,1,1,1,1,1,1,1,0,1,0,0,1,1,1,1,0,1,1,1,1,0,1,1
32,SRR13960143,"I 1,4,[5],12:i:-",ST34,United States,Swine,0,1,1,0,1,1,0,0,0,1,0,0,0,1,0,0,0,1,1,1,1,1,0,1,0,0,1,1,0,1,0,1,1,1,0,1,1,0,0,1,0,0,1,0,1,0,0,0,0,1,1,1
33,SRR14029667,"I 1,4,[5],12:i:-",ST34,United States,Swine,0,1,1,0,1,1,0,0,0,1,1,0,1,1,0,1,0,1,1,1,1,1,0,1,0,1,1,0,1,1,0,1,1,1,0,1,1,0,1,0,0,0,1,0,0,0,0,0,0,1,1,1
34,SRR14084281,"I 1,4,[5],12:i:-",ST34,United States,Swine,1,1,1,1,1,1,0,0,1,1,1,0,1,1,1,1,1,1,1,1,1,0,1,1,1,1,1,1,1,1,1,1,1,1,1,1,1,1,1,1,0,1,1,0,1,1,1,1,1,1,1,0
35,SRR14168449,"I 1,4,[5],12:i:-",ST34,United States,Swine,0,0,1,0,1,1,0,0,0,0,1,1,0,1,0,0,0,1,1,0,0,1,0,0,0,1,1,1,0,1,0,1,1,1,0,0,1,0,0,1,0,0,1,0,0,0,0,0,0,1,1,1
36,SRR14207922,"I 1,4,[5],12:i:-",ST34,United States,Swine,0,0,1,0,0,1,0,0,0,0,1,1,1,1,0,1,0,1,1,0,0,1,0,0,0,1,1,0,0,1,0,1,1,0,0,0,1,0,1,0,0,0,1,0,0,0,0,0,0,1,1,1
37,SRR14269097,"I 1,4,[5],12:i:-",ST34,United States,Swine,0,0,1,0,1,1,0,0,0,0,0,0,1,1,0,1,0,1,1,0,1,1,0,0,0,0,1,1,0,1,0,1,0,1,0,0,1,0,1,1,0,0,1,0,0,0,0,0,0,0,1,1
38,SRR14421770,"I 1,4,[5],12:i:-",ST34,United States,Swine,1,1,1,1,1,0,1,1,1,0,1,1,0,1,1,0,1,1,1,1,0,1,1,1,1,1,1,0,1,1,1,1,1,1,1,1,1,1,0,0,1,1,1,1,0,1,1,1,1,1,1,1
39,SRR14767709,"I 1,4,[5],12:i:-",ST34,United States,Swine,0,1,1,0,1,1,0,0,0,1,1,1,0,1,0,0,0,1,1,1,1,0,0,1,0,1,1,0,1,1,0,1,1,1,0,1,1,0,0,0,0,0,1,0,1,0,0,0,0,1,1,1
40,SRR14907165,"I 1,4,[5],12:i:-",ST34,United States,Swine,0,1,1,0,1,1,0,0,0,1,1,0,1,1,0,1,0,1,1,1,1,0,0,1,0,0,1,0,0,1,0,0,1,1,0,1,1,0,1,1,0,0,1,0,1,0,0,0,0,0,1,1
41,SRR15194492,"I 1,4,[5],12:i:-",ST34,United States,Swine,0,1,1,0,1,1,0,0,0,1,0,0,0,1,0,0,0,1,1,1,1,0,0,1,0,1,1,0,0,0,0,1,1,1,0,1,1,0,0,0,0,0,1,0,1,0,0,0,0,1,1,1
42,SRR15210155,"I 1,4,[5],12:i:-",ST34,United States,Swine,0,0,1,0,1,1,0,0,0,0,1,0,0,1,0,0,0,1,1,0,1,1,0,0,0,1,1,0,0,0,0,1,1,1,0,0,1,0,0,0,0,0,1,0,0,0,0,0,0,1,1,1
43,SRR15276517,"I 1,4,[5],12:i:-",ST34,United States,Swine,1,1,1,1,1,1,1,1,1,0,0,0,0,1,1,0,1,1,1,1,1,1,1,1,1,0,1,1,1,1,1,0,1,1,1,1,1,1,0,1,1,1,1,0,0,1,1,1,1,1,1,1
44,SRR15276644,"I 1,4,[5],12:i:-",ST34,United States,Swine,0,0,1,0,1,1,0,0,0,0,1,0,1,1,0,1,0,1,1,0,1,1,0,0,0,0,0,0,0,1,0,0,1,1,0,0,1,0,1,0,0,0,1,0,0,0,0,0,0,1,1,1
45,SRR15323992,"I 1,4,[5],12:i:-",ST34,United States,Swine,0,1,0,0,1,1,0,0,0,1,1,1,1,1,0,1,0,1,1,1,0,1,0,1,0,1,1,0,0,0,0,1,1,0,0,1,1,0,1,0,0,0,0,0,1,0,0,0,0,1,1,1
46,SRR15494517,"I 1,4,[5],12:i:-",ST34,United States,Swine,0,0,1,0,0,1,0,0,0,0,1,0,1,1,0,1,0,1,1,0,1,1,0,0,0,1,1,0,1,1,0,1,1,1,0,0,0,0,1,0,0,0,1,0,0,0,0,0,0,1,1,1
47,SRR15540703,"I 1,4,[5],12:i:-",ST34,United States,Swine,0,0,0,0,0,1,0,0,0,0,1,0,1,1,0,1,0,1,1,0,1,1,0,0,0,0,0,0,0,0,0,1,0,0,0,0,1,0,1,0,0,0,0,0,0,0,0,0,0,1,1,1
48,SRR15671312,"I 1,4,[5],12:i:-",ST34,United States,Swine,0,1,1,0,0,0,0,0,0,1,1,0,1,1,0,1,0,1,1,1,1,1,0,1,0,1,1,0,0,1,0,1,1,0,0,1,1,0,1,0,0,0,1,0,1,0,0,0,0,1,1,1
49,SRR16298016,"I 1,4,[5],12:i:-",ST34,United States,Swine,0,1,1,0,0,1,0,0,0,1,1,0,0,0,0,0,0,1,1,1,1,0,0,1,0,0,0,0,0,0,0,1,1,1,0,1,1,0,0,0,0,0,1,0,1,0,0,0,0,1,1,1
50,SRR16506858,"I 1,4,[5],12:i:-",ST34,United States,Swine,0,1,1,0,0,1,0,0,0,1,1,1,1,1,0,1,0,1,1,1,1,0,0,1,0,1,1,0,0,1,0,1,1,0,0,1,1,0,1,0,0,0,1,0,1,0,0,0,0,1,1,1
51,SRR16632371,"I 1,4,[5],12:i:-",ST34,United States,Swine,0,0,1,0,1,1,0,0,0,0,1,0,1,1,0,1,0,1,1,0,0,1,0,0,0,1,1,1,0,0,0,1,0,1,0,0,1,0,1,1,0,0,1,0,1,0,0,0,0,1,1,1
52,SRR17001403,"I 1,4,[5],12:i:-",ST34,United States,Swine,0,1,1,0,1,1,0,0,0,1,1,0,1,1,0,1,0,1,1,1,1,0,0,1,0,1,1,0,0,1,0,1,1,0,0,1,1,0,1,0,0,0,1,0,1,0,0,0,0,1,1,1
53,SRR17157313,"I 1,4,[5],12:i:-",ST34,United States,Swine,0,1,1,0,1,1,0,0,0,1,1,1,1,1,0,1,0,1,1,1,0,1,0,1,0,0,0,1,0,1,0,0,1,1,0,1,1,0,1,1,0,0,1,0,0,0,0,0,0,1,1,1
54,SRR17157316,"I 1,4,[5],12:i:-",ST34,United States,Swine,0,1,1,0,1,1,0,0,0,1,1,0,1,1,0,1,0,1,1,1,0,1,0,1,0,1,0,1,1,1,0,1,1,1,0,1,1,0,1,1,0,0,1,0,0,0,0,0,0,1,1,0
55,SRR17791898,"I 1,4,[5],12:i:-",ST34,United States,Swine,0,1,1,0,1,1,0,0,0,1,1,1,0,1,0,0,0,1,0,1,1,1,0,1,0,1,0,0,0,1,0,1,1,1,0,1,1,0,0,0,0,0,1,0,0,0,0,0,0,1,1,1
56,SRR17818658,"I 1,4,[5],12:i:-",ST34,United States,Swine,0,1,0,0,1,1,0,0,0,1,0,0,1,0,0,1,0,0,1,1,1,0,0,1,0,0,0,0,0,1,0,1,1,1,0,1,1,0,1,0,0,0,0,0,1,0,0,0,0,1,1,1
57,SRR17818663,"I 1,4,[5],12:i:-",ST34,United States,Swine,0,1,1,0,1,0,0,0,0,0,1,0,1,1,0,1,0,1,1,1,1,1,0,1,0,1,1,0,1,1,0,1,1,1,0,1,1,0,1,0,0,0,1,0,0,0,0,0,0,1,1,1
58,SRR18163735,"I 1,4,[5],12:i:-",ST34,United States,Swine,0,1,1,0,1,1,0,0,0,1,0,1,0,1,0,0,0,1,1,1,0,1,0,1,0,1,1,1,0,1,0,1,1,1,0,1,1,0,0,1,0,0,1,0,0,0,0,0,0,1,1,1
59,SRR18231280,"I 1,4,[5],12:i:-",ST34,United States,Swine,0,1,1,0,1,0,0,0,0,1,0,0,1,1,0,1,0,0,1,1,1,1,0,1,0,0,0,1,0,1,0,0,1,1,0,1,0,0,1,1,0,0,1,0,0,0,0,0,0,0,0,1
60,SRR18328933,"I 1,4,[5],12:i:-",ST34,United States,Swine,0,0,0,0,1,1,0,0,0,0,1,1,0,1,0,0,0,1,1,0,1,1,0,0,0,1,1,0,0,1,0,1,1,1,0,0,1,0,0,0,0,0,0,0,0,0,0,0,0,1,1,1
61,SRR18574477,"I 1,4,[5],12:i:-",ST34,United States,Swine,0,1,1,0,0,0,0,0,0,1,0,0,1,1,0,1,0,0,1,1,1,1,0,1,0,0,0,0,0,1,0,1,1,0,0,1,1,0,1,0,0,0,1,0,0,0,0,0,0,0,1,1
62,SRR18976462,"I 1,4,[5],12:i:-",ST34,United States,Swine,1,1,1,1,1,1,1,1,1,0,1,0,0,0,1,0,1,1,1,1,0,1,1,1,1,0,0,1,1,1,1,0,1,1,1,1,1,1,0,1,1,1,1,0,0,1,1,1,1,1,1,1
63,SRR19431404,"I 1,4,[5],12:i:-",ST34,United States,Swine,0,1,0,0,1,1,0,0,0,1,0,1,0,1,0,0,0,1,0,1,1,1,0,1,0,0,0,0,0,0,0,0,1,1,0,1,1,0,0,0,0,0,0,0,0,0,0,0,0,1,1,0
64,SRR19888358,"I 1,4,[5],12:i:-",ST34,United States,Swine,0,0,1,0,1,0,0,0,0,0,0,0,1,1,0,1,0,1,1,0,0,1,0,0,0,0,1,1,0,0,0,1,1,1,0,0,1,0,1,1,0,0,1,0,0,0,0,0,0,1,1,1
65,SRR20350258,"I 1,4,[5],12:i:-",ST34,United States,Swine,0,1,1,0,1,1,0,0,0,1,1,1,0,1,0,0,0,0,1,1,0,1,0,1,0,1,1,0,0,1,0,1,1,1,0,1,1,0,0,0,0,0,1,0,1,0,0,0,0,1,1,1
66,SRR20448002,"I 1,4,[5],12:i:-",ST34,United States,Swine,0,1,0,0,1,1,0,0,0,1,1,1,0,1,0,0,0,1,1,1,0,1,0,1,0,1,1,0,0,1,0,1,1,1,0,1,1,0,0,0,0,0,0,0,0,0,0,0,0,1,1,1
67,SRR20834525,"I 1,4,[5],12:i:-",ST34,United States,Swine,0,0,0,0,1,0,0,0,0,0,1,1,1,1,0,1,0,1,1,0,0,1,0,0,0,1,1,1,0,1,0,1,1,1,0,0,1,0,1,1,0,0,0,0,1,0,0,0,0,1,1,1
68,SRR21086599,"I 1,4,[5],12:i:-",ST34,United States,Swine,0,1,1,0,1,1,0,0,0,1,1,1,0,1,0,0,0,1,1,1,1,1,0,1,0,1,1,1,1,1,0,1,1,1,0,1,1,0,0,1,0,0,1,0,0,0,0,0,0,1,1,1
69,SRR21177792,"I 1,4,[5],12:i:-",ST34,United States,Swine,0,1,1,0,1,1,0,0,0,1,0,1,0,0,0,0,0,1,1,1,1,1,0,1,0,0,0,0,0,1,0,1,1,1,0,1,1,0,0,0,0,0,1,0,0,0,0,0,0,0,1,1
70,SRR21197606,"I 1,4,[5],12:i:-",ST34,United States,Swine,0,1,1,0,1,1,0,0,0,1,1,1,0,1,0,0,0,1,1,1,1,1,0,1,0,1,1,0,0,0,0,1,1,0,0,1,1,0,0,0,0,0,1,0,1,0,0,0,0,1,1,0
71,SRR22195286,"I 1,4,[5],12:i:-",ST34,United States,Swine,0,1,1,0,1,0,0,0,0,1,0,0,0,1,0,0,0,0,1,1,0,1,0,1,0,0,1,0,0,1,0,1,1,1,0,1,1,0,0,0,0,0,1,0,0,0,0,0,0,1,1,0
72,SRR22490006,"I 1,4,[5],12:i:-",ST34,United States,Swine,0,0,0,0,1,1,0,0,0,0,0,0,0,1,0,0,0,1,1,0,1,1,0,0,0,0,0,0,0,0,0,0,1,1,0,0,1,0,0,0,0,0,0,0,0,0,0,0,0,1,0,1
73,SRR22686407,"I 1,4,[5],12:i:-",ST34,United States,Swine,0,1,1,0,1,0,0,0,0,1,1,0,0,1,0,0,0,1,0,1,1,1,0,1,0,0,0,0,0,1,0,0,0,1,0,1,1,0,0,0,0,0,1,0,0,0,0,0,0,0,1,1
74,SRR23194849,"I 1,4,[5],12:i:-",ST34,United States,Swine,0,1,1,0,0,1,0,0,0,1,1,1,0,1,0,0,0,1,1,1,0,1,0,1,0,1,1,0,0,1,0,1,1,1,0,1,0,0,0,0,0,0,1,1,0,0,0,0,0,1,1,1
75,SRR23230941,"I 1,4,[5],12:i:-",ST34,United States,Swine,1,1,1,1,1,1,1,1,1,1,1,0,0,0,1,0,1,1,1,1,0,1,1,1,1,1,1,0,1,1,1,1,1,1,1,1,1,1,0,0,1,1,1,1,0,1,1,1,1,1,1,1
76,SRR23350324,"I 1,4,[5],12:i:-",ST34,United States,Swine,0,1,1,0,0,1,0,0,0,1,0,0,1,1,0,1,0,1,1,1,1,1,0,1,0,1,1,0,0,1,0,1,1,0,0,1,1,0,1,0,0,0,1,0,0,0,0,0,0,1,1,1
77,SRR23375228,"I 1,4,[5],12:i:-",ST34,United States,Swine,0,0,1,0,1,0,0,0,0,0,1,0,1,1,0,1,0,1,1,0,1,1,0,0,0,0,0,0,0,1,0,1,1,1,0,0,1,0,1,0,0,0,0,0,0,0,0,0,0,0,1,1
78,SRR23408076,"I 1,4,[5],12:i:-",ST34,United States,Swine,0,0,1,0,1,1,0,0,0,0,1,0,1,1,0,1,0,1,1,0,1,1,0,0,0,1,1,0,0,1,0,1,1,1,0,0,1,0,1,0,0,0,1,0,1,0,0,0,0,1,1,0
79,SRR23496117,"I 1,4,[5],12:i:-",ST34,United States,Swine,1,1,1,1,1,1,1,1,1,1,1,0,0,1,1,0,1,1,1,1,1,1,1,1,1,1,1,0,1,1,1,1,1,1,1,1,1,1,0,0,1,1,1,1,0,1,1,1,1,1,1,1
80,SRR23612592,"I 1,4,[5],12:i:-",ST34,United States,Swine,0,1,1,0,0,0,0,0,0,1,0,0,1,1,0,1,0,1,0,1,1,1,0,1,0,0,1,0,0,1,0,1,0,0,0,1,1,0,1,0,0,0,1,0,0,0,0,0,0,1,0,0
81,SRR23686889,"I 1,4,[5],12:i:-",ST34,United States,Swine,1,0,1,1,0,0,1,1,1,0,0,1,0,0,1,0,1,0,0,0,1,1,1,0,1,0,1,1,1,1,1,1,1,1,1,0,0,1,0,1,1,1,1,1,0,1,1,1,1,0,1,1
82,SRR23801133,"I 1,4,[5],12:i:-",ST34,United States,Swine,0,1,1,0,1,1,0,0,0,1,1,1,1,1,0,1,0,1,1,1,0,1,0,1,0,1,1,0,0,1,0,1,1,1,0,1,1,0,1,0,0,0,1,0,1,0,0,0,0,1,1,1
83,SRR23828341,"I 1,4,[5],12:i:-",ST34,United States,Swine,1,1,1,1,1,0,1,1,1,1,1,0,0,1,1,0,1,0,1,1,0,1,1,1,1,1,1,0,0,1,1,1,1,1,1,1,1,1,0,0,1,1,1,1,0,1,1,1,1,1,1,1
84,SRR2989210,"I 1,4,[5],12:i:-",ST34,United States,Swine,0,1,1,0,0,1,0,0,0,1,1,0,0,1,0,0,0,1,1,1,0,1,0,1,0,1,1,0,0,0,0,1,1,1,0,1,1,0,0,0,0,0,1,0,0,0,0,0,0,1,1,1
85,SRR3062674,"I 1,4,[5],12:i:-",ST34,United States,Swine,0,1,1,0,1,1,0,0,0,1,1,1,0,1,0,0,0,1,1,1,0,1,0,1,0,1,1,0,0,0,0,1,1,1,0,1,1,0,0,0,0,0,1,0,1,0,0,0,0,1,1,0
86,SRR3184114,"I 1,4,[5],12:i:-",ST34,United States,Swine,0,1,1,0,1,1,0,0,0,1,1,1,0,1,0,0,0,1,1,1,0,1,0,1,0,1,1,0,1,1,0,1,0,1,0,1,1,0,0,1,0,0,1,0,0,0,0,0,0,1,1,1
87,SRR3284591,"I 1,4,[5],12:i:-",ST34,United States,Swine,0,1,1,0,1,1,0,0,0,1,1,1,0,1,0,0,0,1,1,1,0,1,0,1,0,1,1,1,0,1,0,1,1,1,0,1,1,0,0,1,0,0,1,0,1,0,0,0,0,1,1,0
88,SRR3295631,"I 1,4,[5],12:i:-",ST34,United States,Swine,0,1,1,0,1,1,0,0,0,1,1,1,0,1,0,0,0,1,1,1,1,0,0,1,0,1,1,0,1,0,0,1,1,1,0,1,1,0,0,0,0,0,1,0,1,0,0,0,0,1,1,1
89,SRR3295666,"I 1,4,[5],12:i:-",ST34,United States,Swine,0,1,1,0,1,1,0,0,0,1,1,0,0,1,0,0,0,1,1,1,1,0,0,1,0,1,1,1,0,0,0,1,1,1,0,1,1,0,0,1,0,0,1,0,1,0,0,0,0,1,1,1
90,SRR3295938,"I 1,4,[5],12:i:-",ST34,United States,Swine,0,1,1,0,1,1,0,0,0,1,1,1,0,1,0,0,0,1,1,1,1,0,0,1,0,1,1,1,0,1,0,1,1,1,0,1,1,0,0,1,0,0,1,0,1,0,0,0,0,1,1,1
91,SRR3322997,"I 1,4,[5],12:i:-",ST34,United States,Swine,0,1,1,0,1,1,0,0,0,1,1,1,0,1,0,0,0,1,1,1,0,1,0,1,0,1,1,0,0,1,0,1,1,1,0,1,1,0,0,0,0,0,1,0,1,0,0,0,0,1,1,1
92,SRR3664727,"I 1,4,[5],12:i:-",ST34,United States,Swine,0,1,1,0,1,0,0,0,0,1,1,1,0,1,0,0,0,1,1,1,1,0,0,1,0,1,1,0,1,1,0,1,0,1,0,1,0,0,0,0,0,0,1,0,1,0,0,0,0,1,1,1
93,SRR4228277,"I 1,4,[5],12:i:-",ST34,United States,Swine,0,1,1,0,1,1,0,0,0,1,1,1,1,1,0,1,0,1,1,1,0,1,0,1,0,1,1,0,0,1,0,1,1,1,0,1,1,0,1,0,0,0,1,0,1,0,0,0,0,1,1,1
94,SRR4434216,"I 1,4,[5],12:i:-",ST34,United States,Swine,0,1,1,0,1,1,0,0,0,1,1,1,0,1,0,0,0,1,1,1,0,1,0,1,0,1,1,1,1,1,0,1,1,1,0,1,1,0,0,1,0,0,1,0,0,0,0,0,0,1,1,1
95,SRR5444237,"I 1,4,[5],12:i:-",ST34,United States,Swine,0,1,1,0,1,1,0,0,0,1,1,1,0,1,0,0,0,1,1,1,1,1,0,1,0,1,1,0,1,1,0,1,1,1,0,1,1,0,0,0,0,0,1,0,1,0,0,0,0,1,1,1
96,SRR5620349,"I 1,4,[5],12:i:-",ST34,United States,Swine,0,1,1,0,1,1,0,0,0,1,1,0,1,1,0,1,0,1,1,1,1,1,0,1,0,1,1,1,1,1,0,1,1,1,0,1,1,0,1,1,0,0,1,0,1,0,0,0,0,1,1,0
97,SRR5705061,"I 1,4,[5],12:i:-",ST34,United States,Swine,0,1,1,0,1,1,0,0,0,1,1,1,0,1,0,0,0,1,1,1,0,1,0,1,0,1,1,0,0,1,0,1,1,1,0,1,1,0,0,0,0,0,1,1,1,0,0,0,0,1,1,1
98,SRR5824268,"I 1,4,[5],12:i:-",ST34,United States,Swine,0,1,1,0,1,1,0,0,0,1,1,1,0,1,0,0,0,1,1,1,1,1,0,1,0,1,1,0,0,1,0,1,1,1,0,1,1,0,0,0,0,0,1,0,1,0,0,0,0,1,1,1
99,SRR6627714,"I 1,4,[5],12:i:-",ST34,United States,Swine,0,1,1,0,1,1,0,0,0,1,0,1,0,1,0,0,0,1,1,1,0,1,0,1,0,0,0,0,0,1,0,0,1,1,0,1,1,0,0,0,0,0,1,0,0,0,0,0,0,0,0,1
100,SRR6650944,"I 1,4,[5],12:i:-",ST34,United States,Swine,0,1,1,0,0,1,0,0,0,1,1,0,0,1,0,0,0,1,1,1,0,1,0,1,0,1,1,0,1,1,0,1,1,1,0,1,1,0,0,0,0,0,1,0,0,0,0,0,0,1,1,1
101,SRR6740048,"I 1,4,[5],12:i:-",ST34,United States,Swine,0,0,1,0,1,1,0,0,0,0,1,0,0,1,0,0,0,1,1,0,1,1,0,0,0,1,1,0,0,1,0,1,1,1,0,0,1,0,0,0,0,0,1,0,1,0,0,0,0,1,1,1
102,SRR6793649,"I 1,4,[5],12:i:-",ST34,United States,Swine,0,1,1,0,0,1,0,0,0,1,1,1,0,1,0,0,0,1,1,1,1,1,0,1,0,1,1,0,0,1,0,1,1,1,0,1,1,0,0,0,0,0,1,0,1,0,0,0,0,1,1,1
103,SRR6876253,"I 1,4,[5],12:i:-",ST34,United States,Swine,0,0,1,0,1,1,0,0,0,0,1,1,0,1,0,0,0,1,1,0,1,1,0,0,0,1,1,1,0,0,0,0,1,1,0,0,1,0,0,1,0,0,1,0,0,0,0,0,0,1,1,1
104,SRR6920153,"I 1,4,[5],12:i:-",ST34,United States,Swine,0,1,1,0,1,1,0,0,0,1,1,0,0,1,0,0,0,0,1,1,1,0,0,1,0,1,0,1,0,0,0,1,1,1,0,1,1,0,0,1,0,0,1,0,1,0,0,0,0,1,1,1
105,SRR7046166,"I 1,4,[5],12:i:-",ST34,United States,Swine,1,0,1,1,1,1,1,1,1,0,1,1,0,1,1,0,1,1,1,0,1,0,1,0,1,1,1,0,1,1,1,1,1,1,1,0,1,1,0,0,1,1,1,1,1,1,1,1,1,1,1,1
106,SRR7056862,"I 1,4,[5],12:i:-",ST34,United States,Swine,0,0,1,0,1,1,0,0,0,0,1,1,0,1,0,0,0,1,1,0,1,1,0,0,0,1,1,1,0,1,0,1,1,1,0,0,1,0,0,1,0,0,1,0,0,0,0,0,0,1,1,1
107,SRR7130341,"I 1,4,[5],12:i:-",ST34,United States,Swine,0,1,1,0,1,1,0,0,0,1,1,1,0,1,0,0,0,1,1,1,1,0,0,1,0,1,1,1,1,1,0,1,1,1,0,1,1,0,0,1,0,0,1,1,1,0,0,0,0,1,1,1
108,SRR7267912,"I 1,4,[5],12:i:-",ST34,United States,Swine,0,1,1,0,1,1,0,0,0,1,1,0,0,0,0,0,0,0,1,1,1,0,0,1,0,0,1,1,0,1,0,1,1,1,0,1,1,0,0,1,0,0,1,0,1,0,0,0,0,1,1,1
109,SRR7348467,"I 1,4,[5],12:i:-",ST34,United States,Swine,0,1,1,0,1,1,0,0,0,1,1,0,0,1,0,0,0,1,1,1,0,1,0,1,0,0,1,0,1,1,0,1,1,1,0,1,1,0,0,0,0,0,1,0,0,0,0,0,0,0,1,1
110,SRR7527882,"I 1,4,[5],12:i:-",ST34,United States,Swine,0,1,1,0,1,1,0,0,0,1,1,1,1,0,0,1,0,1,1,1,1,0,0,1,0,1,1,0,0,0,0,1,1,1,0,1,1,0,1,1,0,0,1,0,1,0,0,0,0,1,0,1
111,SRR7615148,"I 1,4,[5],12:i:-",ST34,United States,Swine,1,1,1,1,1,1,1,1,1,1,1,1,0,1,1,0,1,0,1,1,0,1,1,1,1,0,1,0,1,1,1,1,1,0,1,1,1,1,0,0,1,1,1,1,0,1,1,1,1,1,1,1
112,SRR7628923,"I 1,4,[5],12:i:-",ST34,United States,Swine,1,1,1,1,1,1,1,1,1,0,1,1,0,1,1,0,1,1,1,1,1,0,1,1,1,1,1,0,1,1,1,1,1,1,1,1,1,1,0,0,1,1,1,0,1,1,1,1,1,1,1,1
113,SRR7629042,"I 1,4,[5],12:i:-",ST34,United States,Swine,1,1,1,1,1,0,1,1,1,0,1,0,0,0,1,0,1,1,0,1,1,0,1,1,1,1,1,1,1,1,1,1,1,0,1,1,1,1,0,1,1,1,1,0,1,1,1,1,1,1,0,0
114,SRR7657499,"I 1,4,[5],12:i:-",ST34,United States,Swine,0,1,1,0,0,1,0,0,0,1,1,1,1,1,0,1,0,1,1,1,0,1,0,1,0,1,1,0,0,1,0,1,1,0,0,1,1,0,1,0,0,0,1,0,1,0,0,0,0,1,1,1
115,SRR7784871,"I 1,4,[5],12:i:-",ST34,United States,Swine,0,1,1,0,1,1,0,0,0,1,1,1,0,1,0,0,0,1,1,1,0,1,0,1,0,1,1,1,0,1,0,1,1,1,0,1,1,0,0,1,0,0,1,0,1,0,0,0,0,1,1,1
116,SRR7896381,"I 1,4,[5],12:i:-",ST34,United States,Swine,0,1,1,0,1,1,0,0,0,1,1,1,0,1,0,0,0,1,0,1,1,0,0,1,0,0,1,1,0,0,0,0,1,1,0,1,1,0,0,1,0,0,1,0,1,0,0,0,0,1,1,1
117,SRR7946505,"I 1,4,[5],12:i:-",ST34,United States,Swine,0,1,1,0,1,1,0,0,0,1,1,1,0,1,0,0,0,1,1,1,1,1,0,1,0,1,1,1,1,1,0,1,1,1,0,1,1,0,0,1,0,0,1,0,0,0,0,0,0,1,1,1
118,SRR7985811,"I 1,4,[5],12:i:-",ST34,United States,Swine,0,1,1,0,1,1,0,0,0,1,1,1,0,1,0,0,0,1,1,1,1,1,0,1,0,1,1,1,0,1,0,1,1,1,0,1,1,0,0,0,0,0,1,0,0,0,0,0,0,1,1,1
119,SRR8136566,"I 1,4,[5],12:i:-",ST34,United States,Swine,0,1,1,0,0,1,0,0,0,1,1,1,0,1,0,0,0,1,1,1,1,0,0,1,0,1,0,0,0,1,0,1,1,1,0,1,1,0,0,0,0,0,1,0,1,0,0,0,0,1,1,1
120,SRR8170316,"I 1,4,[5],12:i:-",ST34,United States,Swine,0,1,1,0,1,1,0,0,0,1,0,0,0,0,0,0,0,1,1,1,1,0,0,1,0,0,1,1,0,0,0,0,1,1,0,1,1,0,0,1,0,0,1,0,1,0,0,0,0,1,1,1
121,SRR8297611,"I 1,4,[5],12:i:-",ST34,United States,Swine,1,1,1,1,1,1,1,1,0,1,1,0,0,1,1,0,1,1,1,1,1,0,1,1,1,1,1,1,1,1,1,0,1,1,1,1,1,1,0,1,1,1,1,1,1,1,1,1,1,1,1,0
122,SRR8297612,"I 1,4,[5],12:i:-",ST34,United States,Swine,1,1,1,1,1,1,1,1,1,1,1,0,0,0,1,0,1,1,1,1,1,0,1,1,1,1,1,1,1,1,1,1,1,1,1,1,1,1,0,1,1,1,1,1,1,1,1,1,1,1,1,1
123,SRR8300723,"I 1,4,[5],12:i:-",ST34,United States,Swine,1,1,1,1,1,1,1,1,1,1,0,0,1,1,1,1,1,1,1,1,1,0,1,1,1,1,0,0,1,1,1,0,1,1,1,1,1,1,1,0,1,1,1,1,1,1,1,1,1,1,1,1
124,SRR8300739,"I 1,4,[5],12:i:-",ST34,United States,Swine,1,1,1,1,1,1,1,1,1,0,1,1,0,0,1,0,1,1,1,1,1,0,1,1,1,1,1,1,1,1,1,0,1,1,1,1,0,1,0,1,1,1,1,1,1,1,1,1,1,1,1,1
125,SRR8364837,"I 1,4,[5],12:i:-",ST34,United States,Swine,0,1,1,0,1,1,0,0,0,1,1,0,1,1,0,1,0,1,1,1,1,0,0,1,0,1,1,0,0,1,0,1,1,1,0,1,1,0,1,0,0,0,1,0,1,0,0,0,0,0,1,1
126,SRR8381712,"I 1,4,[5],12:i:-",ST34,United States,Swine,0,1,1,0,1,1,0,0,0,1,1,1,0,1,0,0,0,1,1,1,1,1,0,1,0,1,1,1,0,0,0,1,1,1,0,1,1,0,0,1,0,0,1,0,1,0,0,0,0,1,1,1
127,SRR8397440,"I 1,4,[5],12:i:-",ST34,United States,Swine,1,1,1,1,1,1,1,1,1,1,1,0,1,1,1,1,1,1,1,1,1,0,1,1,1,1,1,0,1,1,1,1,1,1,1,1,1,1,1,0,1,1,1,1,1,1,1,1,1,1,1,1
128,SRR8707571,"I 1,4,[5],12:i:-",ST34,United States,Swine,0,1,1,0,1,1,0,0,0,1,1,1,0,1,0,0,0,1,1,1,0,1,0,1,0,1,1,1,0,1,0,1,1,1,0,1,1,0,0,1,0,0,1,0,0,0,0,0,0,1,1,1
129,SRR8754585,"I 1,4,[5],12:i:-",ST34,United States,Swine,1,1,1,1,0,1,1,0,1,0,1,1,0,1,1,0,1,1,1,1,0,1,1,1,1,1,1,1,1,1,1,1,1,1,1,1,1,1,0,1,1,1,1,1,0,1,1,1,1,1,1,1
130,SRR9087736,"I 1,4,[5],12:i:-",ST34,United States,Swine,0,1,1,0,0,1,0,0,0,1,1,0,1,1,0,1,0,1,0,1,1,1,0,1,0,1,0,0,0,1,0,1,1,0,0,1,1,0,1,0,0,0,1,0,0,0,0,0,0,1,1,1
131,SRR9304140,"I 1,4,[5],12:i:-",ST34,United States,Swine,1,1,1,1,1,1,1,1,1,1,0,0,0,1,1,0,1,1,1,1,1,1,1,1,1,1,1,1,1,1,1,1,0,1,1,1,1,1,0,1,1,1,1,1,0,1,1,1,1,1,1,1
132,SRR9689817,"I 1,4,[5],12:i:-",ST34,United States,Swine,0,1,1,0,1,1,0,1,0,1,1,0,0,1,0,0,0,1,1,1,1,0,0,1,0,1,1,0,0,1,0,1,1,1,0,1,1,0,0,0,0,0,0,1,1,0,0,0,0,0,1,1
133,SRR9689857,"I 1,4,[5],12:i:-",ST34,United States,Swine,0,1,1,0,1,1,0,0,0,1,1,0,0,1,0,0,0,1,0,1,1,0,0,1,0,0,0,1,0,0,0,1,1,1,0,1,1,0,0,1,0,0,1,0,1,0,0,0,0,1,1,1
134,SRR9689864,"I 1,4,[5],12:i:-",ST34,United States,Swine,0,1,1,0,0,1,0,0,0,1,0,0,0,1,0,0,0,1,1,1,1,0,0,1,0,1,1,0,0,0,0,1,1,1,0,1,1,0,0,0,0,0,1,1,1,0,0,0,0,1,1,1
